"","InputCategories","UserDefinedCategories","Type","CorrectedPvalues"
"1","antiquewhite4","105977_REACTOME_Peptide_chain_elongation__Reactome_NCBI_Biosystems","PW_Lists",1.9275072149026e-69
"2","antiquewhite4","105978_REACTOME_Eukaryotic_Translation_Termination__Reactome_NCBI_Biosystems","PW_Lists",1.9275072149026e-69
"3","antiquewhite4","106077_REACTOME_Viral_mRNA_Translation__Reactome_NCBI_Biosystems","PW_Lists",1.9275072149026e-69
"4","antiquewhite4","198853_WikiPathways_Cytoplasmic_Ribosomal_Proteins__Wiki_Pathways_NCBI_Biosystems","PW_Lists",1.9275072149026e-69
"5","antiquewhite4","105968_REACTOME_Formation_of_a_pool_of_free_40S_subunits__Reactome_NCBI_Biosystems","PW_Lists",6.11129394483584e-69
"6","antiquewhite4","105976_REACTOME_Eukaryotic_Translation_Elongation__Reactome_NCBI_Biosystems","PW_Lists",1.29644767402133e-68
"7","antiquewhite4","366242_REACTOME_Nonsense_Mediated_Decay_Independent_of_the_Exon_Junction_Complex__Reactome_NCBI_Biosystems","PW_Lists",4.40127260504727e-68
"8","antiquewhite4","413404_KEGG_Ribosome,_eukaryotes__Kegg_NCBI_Biosystems","PW_Lists",7.48046728443691e-68
"9","antiquewhite4","441_KEGG_Ribosome__Kegg_NCBI_Biosystems","PW_Lists",1.44030602091338e-67
"10","antiquewhite4","83036_KEGG_Ribosome__Kegg_NCBI_Biosystems","PW_Lists",1.44030602091338e-67
"11","antiquewhite4","160955_REACTOME_L13a-mediated_translational_silencing_of_Ceruloplasmin_expression__Reactome_NCBI_Biosystems","PW_Lists",1.28001207849927e-66
"12","antiquewhite4","105973_REACTOME_GTP_hydrolysis_and_joining_of_the_60S_ribosomal_subunit__Reactome_NCBI_Biosystems","PW_Lists",2.10715413492487e-66
"13","antiquewhite4","106074_REACTOME_Influenza_Viral_RNA_Transcription_and_Replication__Reactome_NCBI_Biosystems","PW_Lists",2.02545124349297e-65
"14","antiquewhite4","105966_REACTOME_Eukaryotic_Translation_Initiation__Reactome_NCBI_Biosystems","PW_Lists",5.89549677763582e-65
"15","antiquewhite4","105967_REACTOME_Cap-dependent_Translation_Initiation__Reactome_NCBI_Biosystems","PW_Lists",5.89549677763582e-65
"16","antiquewhite4","366240_REACTOME_Nonsense-Mediated_Decay__Reactome_NCBI_Biosystems","PW_Lists",6.49795830545173e-64
"17","antiquewhite4","366241_REACTOME_Nonsense_Mediated_Decay_Enhanced_by_the_Exon_Junction_Complex__Reactome_NCBI_Biosystems","PW_Lists",6.49795830545173e-64
"18","antiquewhite4","530746_REACTOME_SRP-dependent_cotranslational_protein_targeting_to_membrane__Reactome_NCBI_Biosystems","PW_Lists",6.49795830545173e-64
"19","antiquewhite4","105965_REACTOME_Translation__Reactome_NCBI_Biosystems","PW_Lists",1.65581284953526e-59
"20","antiquewhite4","106068_REACTOME_Influenza_Life_Cycle__Reactome_NCBI_Biosystems","PW_Lists",6.45792333065898e-59
"21","antiquewhite4","106067_REACTOME_Influenza_Infection__Reactome_NCBI_Biosystems","PW_Lists",2.6388647522211e-58
"22","greenyellow","530733_REACTOME_Cell_Cycle__Reactome_NCBI_Biosystems","PW_Lists",1.08362804223655e-57
"23","greenyellow","105765_REACTOME_Cell_Cycle,_Mitotic__Reactome_NCBI_Biosystems","PW_Lists",5.55139783113965e-57
"24","antiquewhite4","salmon_M12_Ribosome__HumanMeta","Brain",2.23431878076644e-54
"25","palevioletred3","198860_WikiPathways_Electron_Transport_Chain__Wiki_Pathways_NCBI_Biosystems","PW_Lists",8.58951846777894e-49
"26","palevioletred3","105921_REACTOME_Respiratory_electron_transport,_ATP_synthesis_by_chemiosmotic_coupling,_and_heat_production_by_uncoupling_proteins.__Reactome_NCBI_Biosystems","PW_Lists",4.58618708122624e-45
"27","palevioletred3","303_KEGG_Oxidative_phosphorylation__Kegg_NCBI_Biosystems","PW_Lists",9.7986036264953e-45
"28","palevioletred3","82942_KEGG_Oxidative_phosphorylation__Kegg_NCBI_Biosystems","PW_Lists",9.7986036264953e-45
"29","greenyellow","105897_REACTOME_DNA_Replication__Reactome_NCBI_Biosystems","PW_Lists",1.13621851980943e-44
"30","skyblue1","pink_M10_Microglia(Type1)__HumanMeta","Brain",1.51976499107054e-44
"31","palevioletred3","477137_REACTOME_The_citric_acid_(TCA)_cycle_and_respiratory_electron_transport__Reactome_NCBI_Biosystems","PW_Lists",1.05918181426401e-43
"32","palevioletred3","6209_mito_oxidative_phosph_pad_196__Palazzolo_and_Wang","PW_Lists",2.22234833096626e-43
"33","antiquewhite4","106230_REACTOME_Metabolism_of_proteins__Reactome_NCBI_Biosystems","PW_Lists",2.47985667770544e-42
"34","palevioletred3","83098_KEGG_Parkinson's_disease__Kegg_NCBI_Biosystems","PW_Lists",5.08083720615827e-39
"35","greenyellow","160943_REACTOME_Mitotic_M-MG1_phases__Reactome_NCBI_Biosystems","PW_Lists",5.1891090423435e-39
"36","palevioletred3","512_KEGG_Huntington's_disease__Kegg_NCBI_Biosystems","PW_Lists",7.47566917099571e-36
"37","palevioletred3","83100_KEGG_Huntington's_disease__Kegg_NCBI_Biosystems","PW_Lists",7.47566917099571e-36
"38","greenyellow","105812_REACTOME_M_Phase__Reactome_NCBI_Biosystems","PW_Lists",1.02262229921997e-32
"39","palevioletred3","509_KEGG_Alzheimer's_disease__Kegg_NCBI_Biosystems","PW_Lists",2.82535776226356e-32
"40","palevioletred3","83097_KEGG_Alzheimer's_disease__Kegg_NCBI_Biosystems","PW_Lists",2.82535776226356e-32
"41","antiquewhite4","530764_REACTOME_Disease__Reactome_NCBI_Biosystems","PW_Lists",3.46094082796787e-32
"42","greenyellow","105815_REACTOME_Mitotic_Prometaphase__Reactome_NCBI_Biosystems","PW_Lists",7.36061137081564e-30
"43","palevioletred3","6205_mito_inner_membrane_pad_299__Palazzolo_and_Wang","PW_Lists",5.89137323327678e-29
"44","palevioletred3","160962_REACTOME_Respiratory_electron_transport__Reactome_NCBI_Biosystems","PW_Lists",1.36842539659026e-28
"45","antiquewhite4","105969_REACTOME_Formation_of_the_ternary_complex,_and_subsequently,_the_43S_complex__Reactome_NCBI_Biosystems","PW_Lists",1.20289918974668e-27
"46","palevioletred3","198870_WikiPathways_Oxidative_phosphorylation__Wiki_Pathways_NCBI_Biosystems","PW_Lists",1.4903743277586e-27
"47","skyblue1","Substantia Nigra, pars reticulata_localMarker(top200)_IN_Mesencephalon__HBA","HumanBrainRegions",1.75666871442004e-27
"48","antiquewhite4","105937_REACTOME_Gene_Expression__Reactome_NCBI_Biosystems","PW_Lists",2.83747726105087e-27
"49","thistle1","105976_REACTOME_Eukaryotic_Translation_Elongation__Reactome_NCBI_Biosystems","PW_Lists",4.62046910360575e-27
"50","antiquewhite4","105971_REACTOME_Translation_initiation_complex_formation__Reactome_NCBI_Biosystems","PW_Lists",2.7819925725204e-26
"51","antiquewhite4","105972_REACTOME_Ribosomal_scanning_and_start_codon_recognition__Reactome_NCBI_Biosystems","PW_Lists",2.7819925725204e-26
"52","thistle1","413404_KEGG_Ribosome,_eukaryotes__Kegg_NCBI_Biosystems","PW_Lists",3.97824710018811e-26
"53","antiquewhite4","105970_REACTOME_Activation_of_the_mRNA_upon_binding_of_the_cap-binding_complex_and_eIFs,_and_subsequent_binding_to_43S__Reactome_NCBI_Biosystems","PW_Lists",4.19083027071384e-26
"54","thistle1","441_KEGG_Ribosome__Kegg_NCBI_Biosystems","PW_Lists",5.50819217096138e-26
"55","thistle1","83036_KEGG_Ribosome__Kegg_NCBI_Biosystems","PW_Lists",5.50819217096138e-26
"56","thistle1","105977_REACTOME_Peptide_chain_elongation__Reactome_NCBI_Biosystems","PW_Lists",1.04171929276377e-25
"57","white","160976_REACTOME_Metabolism_of_lipids_and_lipoproteins__Reactome_NCBI_Biosystems","PW_Lists",3.09701156748331e-25
"58","palevioletred3","6201_mito_db_pad_2664__Palazzolo_and_Wang","PW_Lists",3.70039898100386e-25
"59","white","477135_REACTOME_Metabolism__Reactome_NCBI_Biosystems","PW_Lists",2.4226722341829e-24
"60","thistle1","105968_REACTOME_Formation_of_a_pool_of_free_40S_subunits__Reactome_NCBI_Biosystems","PW_Lists",2.60307299735537e-24
"61","skyblue1","Substantia Nigra, pars reticulata_localMarker(FC>2)_IN_Mesencephalon__HBA","HumanBrainRegions",2.78594909000303e-24
"62","thistle1","105978_REACTOME_Eukaryotic_Translation_Termination__Reactome_NCBI_Biosystems","PW_Lists",5.81268718797044e-24
"63","thistle1","106077_REACTOME_Viral_mRNA_Translation__Reactome_NCBI_Biosystems","PW_Lists",5.81268718797044e-24
"64","thistle1","198853_WikiPathways_Cytoplasmic_Ribosomal_Proteins__Wiki_Pathways_NCBI_Biosystems","PW_Lists",5.81268718797044e-24
"65","paleturquoise","cyan_M4_Mitochondria__MouseMeta","Brain",2.0461107194178e-23
"66","thistle1","366242_REACTOME_Nonsense_Mediated_Decay_Independent_of_the_Exon_Junction_Complex__Reactome_NCBI_Biosystems","PW_Lists",2.46314014757436e-23
"67","thistle1","160955_REACTOME_L13a-mediated_translational_silencing_of_Ceruloplasmin_expression__Reactome_NCBI_Biosystems","PW_Lists",3.42488249049567e-23
"68","thistle1","105973_REACTOME_GTP_hydrolysis_and_joining_of_the_60S_ribosomal_subunit__Reactome_NCBI_Biosystems","PW_Lists",4.36394180842635e-23
"69","white","132956_KEGG_Metabolic_pathways__Kegg_NCBI_Biosystems","PW_Lists",6.48367398264439e-23
"70","magenta","turquoise_M14_Nucleus__MouseMeta","Brain",7.7363071658015e-23
"71","thistle1","105965_REACTOME_Translation__Reactome_NCBI_Biosystems","PW_Lists",1.17222699142705e-22
"72","thistle1","105966_REACTOME_Eukaryotic_Translation_Initiation__Reactome_NCBI_Biosystems","PW_Lists",2.22109236938889e-22
"73","thistle1","105967_REACTOME_Cap-dependent_Translation_Initiation__Reactome_NCBI_Biosystems","PW_Lists",2.22109236938889e-22
"74","greenyellow","198811_WikiPathways_Cell_cycle__Wiki_Pathways_NCBI_Biosystems","PW_Lists",4.05134788534691e-22
"75","thistle1","106074_REACTOME_Influenza_Viral_RNA_Transcription_and_Replication__Reactome_NCBI_Biosystems","PW_Lists",4.36901990829601e-22
"76","palevioletred3","Mitochondria_Foster__MO","Brain",6.1318688152714e-22
"77","thistle1","366240_REACTOME_Nonsense-Mediated_Decay__Reactome_NCBI_Biosystems","PW_Lists",2.27465268067824e-21
"78","thistle1","366241_REACTOME_Nonsense_Mediated_Decay_Enhanced_by_the_Exon_Junction_Complex__Reactome_NCBI_Biosystems","PW_Lists",2.27465268067824e-21
"79","thistle1","530746_REACTOME_SRP-dependent_cotranslational_protein_targeting_to_membrane__Reactome_NCBI_Biosystems","PW_Lists",2.27465268067824e-21
"80","skyblue1","Lateral group of Nuclei, Dorsal Division_localMarker(top200)_IN_Dorthal Thalamus__HBA","HumanBrainRegions",1.77713097643683e-20
"81","palevioletred3","cyan_M4_Mitochondria__MouseMeta","Brain",2.0052704646646e-20
"82","greenyellow","463_KEGG_Cell_cycle__Kegg_NCBI_Biosystems","PW_Lists",9.02431508356169e-20
"83","greenyellow","83054_KEGG_Cell_cycle__Kegg_NCBI_Biosystems","PW_Lists",9.02431508356169e-20
"84","plum2","magenta_M8_Microglia(Type2)__HumanMeta","Brain",1.28020559058023e-19
"85","thistle1","salmon_M12_Ribosome__HumanMeta","Brain",1.39132764488659e-19
"86","thistle1","106068_REACTOME_Influenza_Life_Cycle__Reactome_NCBI_Biosystems","PW_Lists",5.96306981009184e-19
"87","palevioletred3","477135_REACTOME_Metabolism__Reactome_NCBI_Biosystems","PW_Lists",7.30409253814136e-19
"88","thistle1","106067_REACTOME_Influenza_Infection__Reactome_NCBI_Biosystems","PW_Lists",1.18815433310374e-18
"89","magenta","DownWithAlzheimers_Liang__ADvsCT_inCA1","Brain",2.15486078852352e-18
"90","white","131126_KEGG_Peroxisome__Kegg_NCBI_Biosystems","PW_Lists",4.08575283606649e-18
"91","white","131226_KEGG_Peroxisome__Kegg_NCBI_Biosystems","PW_Lists",4.08575283606649e-18
"92","greenyellow","138080_Pathway_Interaction_Database_Aurora_B_signaling__Pathway_Interaction_Database_NCBI_Biosystems","PW_Lists",7.40269746693596e-18
"93","ivory","106414_REACTOME_TCR_signaling__Reactome_NCBI_Biosystems","PW_Lists",2.03671433218629e-17
"94","darkseagreen4","106552_REACTOME_RNA_Polymerase_I_Promoter_Opening__Reactome_NCBI_Biosystems","PW_Lists",2.08297070335231e-17
"95","palevioletred3","132956_KEGG_Metabolic_pathways__Kegg_NCBI_Biosystems","PW_Lists",2.89231014419882e-17
"96","antiquewhite4","upWithABeta_MGactivation_GSE772__MicrogialMarkers","Brain",1.1691846228757e-16
"97","ivory","overexpressed_in_multipotent_primary_hematopoietic_SCs_(CD133+)__Cui","StemCells",1.30143525455201e-16
"98","green","yellow_M18__CTX","Brain",1.39922760447227e-16
"99","antiquewhite4","midnightblue_M2_Ribosome__CTX","Brain",1.94167898208276e-16
"100","ivory","198862_WikiPathways_T_Cell_Receptor_Signaling_Pathway__Wiki_Pathways_NCBI_Biosystems","PW_Lists",2.12127178494067e-16
"101","palevioletred3","Annotated_genes_bound_by_RNA_polymerase_II_(Table_S2)__Lee","StemCells",5.58966591636032e-16
"102","ivory","Substantia Nigra, pars reticulata_localMarker(top200)_IN_Mesencephalon__HBA","HumanBrainRegions",7.33760382941629e-16
"103","skyblue1","purple_M4_Microglia(Type1)__CTX","Brain",3.14370354078931e-15
"104","palevioletred3","522535_KEGG_F-type_ATPase,_eukaryotes__Kegg_NCBI_Biosystems","PW_Lists",4.08234778055505e-15
"105","ivory","106417_REACTOME_Generation_of_second_messenger_molecules__Reactome_NCBI_Biosystems","PW_Lists",5.13647777778781e-15
"106","greenyellow","138007_Pathway_Interaction_Database_PLK1_signaling_events__Pathway_Interaction_Database_NCBI_Biosystems","PW_Lists",6.03873478800313e-15
"107","darkseagreen4","366238_REACTOME_Amyloids__Reactome_NCBI_Biosystems","PW_Lists",1.01252880720561e-14
"108","greenyellow","160941_REACTOME_Mitotic_G1-G1S_phases__Reactome_NCBI_Biosystems","PW_Lists",1.77004768318855e-14
"109","thistle1","106230_REACTOME_Metabolism_of_proteins__Reactome_NCBI_Biosystems","PW_Lists",3.20401458093603e-14
"110","palevioletred3","DownWithAlzheimers_Liang__ADvsCT_inCA1","Brain",4.08206403304306e-14
"111","greenyellow","105776_REACTOME_G1S-Specific_Transcription__Reactome_NCBI_Biosystems","PW_Lists",4.78589358013046e-14
"112","skyblue1","171867_KEGG_Staphylococcus_aureus_infection__Kegg_NCBI_Biosystems","PW_Lists",6.38067046205023e-14
"113","skyblue1","172846_KEGG_Staphylococcus_aureus_infection__Kegg_NCBI_Biosystems","PW_Lists",6.38067046205023e-14
"114","ivory","CTLA4__ImmunePathway","Immune",7.74787928735758e-14
"115","palevioletred3","DownWithAlzheimers_Blalock__ADvsCT_inCA1","Brain",8.15557494426564e-14
"116","greenyellow","105769_REACTOME_G1S_Transition__Reactome_NCBI_Biosystems","PW_Lists",1.0217111571701e-13
"117","palevioletred3","105922_REACTOME_Formation_of_ATP_by_chemiosmotic_coupling__Reactome_NCBI_Biosystems","PW_Lists",1.06125518947575e-13
"118","white","6201_mito_db_pad_2664__Palazzolo_and_Wang","PW_Lists",1.34227356251001e-13
"119","antiquewhite4","22556411_tanese_interactome_cytoplasm_329__PMID_22556411_Culver_2012","PW_Lists",1.81868623394759e-13
"120","ivory","106386_REACTOME_Immune_System__Reactome_NCBI_Biosystems","PW_Lists",2.08621281862821e-13
"121","greenyellow","105778_REACTOME_E2F_mediated_regulation_of_DNA_replication__Reactome_NCBI_Biosystems","PW_Lists",2.8038125705815e-13
"122","antiquewhite4","RedBloodCell__Kabanova","Blood",3.36291067478224e-13
"123","darkseagreen4","106555_REACTOME_RNA_Polymerase_I_Chain_Elongation__Reactome_NCBI_Biosystems","PW_Lists",3.43484221899041e-13
"124","palevioletred3","cyan_M4_Mitochondria__HumanMeta","Brain",4.79754584733495e-13
"125","skyblue3","199266_KEGG_Ribosome_biogenesis_in_eukaryotes__Kegg_NCBI_Biosystems","PW_Lists",4.94457868325697e-13
"126","skyblue3","199378_KEGG_Ribosome_biogenesis_in_eukaryotes__Kegg_NCBI_Biosystems","PW_Lists",4.94457868325697e-13
"127","darkseagreen4","205242_REACTOME_Meiotic_Recombination__Reactome_NCBI_Biosystems","PW_Lists",5.04478374673653e-13
"128","green","turquoise_M14_Nucleus__MouseMeta","Brain",7.50335993913795e-13
"129","darkseagreen4","534_KEGG_Systemic_lupus_erythematosus__Kegg_NCBI_Biosystems","PW_Lists",1.23592486548611e-12
"130","darkseagreen4","83122_KEGG_Systemic_lupus_erythematosus__Kegg_NCBI_Biosystems","PW_Lists",1.23592486548611e-12
"131","paleturquoise","512_KEGG_Huntington's_disease__Kegg_NCBI_Biosystems","PW_Lists",1.40476812228822e-12
"132","paleturquoise","83100_KEGG_Huntington's_disease__Kegg_NCBI_Biosystems","PW_Lists",1.40476812228822e-12
"133","mediumpurple2","turquoise_M14_Nucleus__HumanMeta","Brain",1.42893130843088e-12
"134","ivory","106416_REACTOME_Translocation_of_ZAP-70_to_Immunological_synapse__Reactome_NCBI_Biosystems","PW_Lists",1.58222901454769e-12
"135","paleturquoise","6201_mito_db_pad_2664__Palazzolo_and_Wang","PW_Lists",2.09846745231245e-12
"136","palevioletred3","red_M11_Neuron__HumanMeta","Brain",2.1302298985937e-12
"137","darkseagreen4","106548_REACTOME_Packaging_Of_Telomere_Ends__Reactome_NCBI_Biosystems","PW_Lists",2.43718600431357e-12
"138","green","turquoise_M14_Nucleus__HumanMeta","Brain",2.48786656128113e-12
"139","darkseagreen4","106551_REACTOME_RNA_Polymerase_I_Promoter_Clearance__Reactome_NCBI_Biosystems","PW_Lists",2.98608584082965e-12
"140","darkseagreen4","106550_REACTOME_RNA_Polymerase_I_Transcription__Reactome_NCBI_Biosystems","PW_Lists",5.73423015055154e-12
"141","ivory","106415_REACTOME_Phosphorylation_of_CD3_and_TCR_zeta_chains__Reactome_NCBI_Biosystems","PW_Lists",6.53583334542589e-12
"142","ivory","366160_REACTOME_Adaptive_Immune_System__Reactome_NCBI_Biosystems","PW_Lists",8.15985277413337e-12
"143","ivory","Substantia Nigra, pars reticulata_localMarker(FC>2)_IN_Mesencephalon__HBA","HumanBrainRegions",1.14570689472929e-11
"144","skyblue1","193096_KEGG_Osteoclast_differentiation__Kegg_NCBI_Biosystems","PW_Lists",1.52939020583008e-11
"145","skyblue1","193147_KEGG_Osteoclast_differentiation__Kegg_NCBI_Biosystems","PW_Lists",1.52939020583008e-11
"146","ivory","106418_REACTOME_Downstream_TCR_signaling__Reactome_NCBI_Biosystems","PW_Lists",1.64956404803548e-11
"147","greenyellow","105750_REACTOME_G2M_Checkpoints__Reactome_NCBI_Biosystems","PW_Lists",1.89339676161113e-11
"148","paleturquoise","cyan_M4_Mitochondria__HumanMeta","Brain",3.38955464107977e-11
"149","palevioletred3","6213_mito_disease_pad_171__Palazzolo_and_Wang","PW_Lists",3.52461138361988e-11
"150","paleturquoise","477137_REACTOME_The_citric_acid_(TCA)_cycle_and_respiratory_electron_transport__Reactome_NCBI_Biosystems","PW_Lists",3.66965128203763e-11
"151","magenta","RedBloodCell__Kabanova","Blood",3.77605091734993e-11
"152","ivory","137998_Pathway_Interaction_Database_TCR_signaling_in_naive_CD4+_T_cells__Pathway_Interaction_Database_NCBI_Biosystems","PW_Lists",3.95288404684959e-11
"153","yellowgreen","105965_REACTOME_Translation__Reactome_NCBI_Biosystems","PW_Lists",4.3286421320903e-11
"154","ivory","B7.1 / B7.2 (CD80  CD86) CD28__ImmunePathway","Immune",5.85741405362531e-11
"155","ivory","537_KEGG_Primary_immunodeficiency__Kegg_NCBI_Biosystems","PW_Lists",6.92428174153477e-11
"156","ivory","83125_KEGG_Primary_immunodeficiency__Kegg_NCBI_Biosystems","PW_Lists",6.92428174153477e-11
"157","ivory","Lymphcytes_genesCorrelatedAcrossIndividuals__Whitney","Blood",9.39536479139586e-11
"158","paleturquoise","green_M5_Mitochondria__MouseMeta","Brain",9.67753016150765e-11
"159","palevioletred3","brown_downAD_mitochondrion__Blalock_AD","Brain",1.07577668626887e-10
"160","magenta","red_M11_Neuron__HumanMeta","Brain",1.28661168958303e-10
"161","paleturquoise","105921_REACTOME_Respiratory_electron_transport,_ATP_synthesis_by_chemiosmotic_coupling,_and_heat_production_by_uncoupling_proteins.__Reactome_NCBI_Biosystems","PW_Lists",1.53659195695772e-10
"162","white","160977_REACTOME_Fatty_acid,_triacylglycerol,_and_ketone_body_metabolism__Reactome_NCBI_Biosystems","PW_Lists",1.65990519254842e-10
"163","greenyellow","105739_REACTOME_Cell_Cycle_Checkpoints__Reactome_NCBI_Biosystems","PW_Lists",1.72257460819643e-10
"164","skyblue1","153859_KEGG_Phagosome__Kegg_NCBI_Biosystems","PW_Lists",2.09690950462014e-10
"165","skyblue1","153910_KEGG_Phagosome__Kegg_NCBI_Biosystems","PW_Lists",2.09690950462014e-10
"166","ivory","TCR signaling__ImmunePathway","Immune",2.52155446995083e-10
"167","skyblue2","salmon_M12_Ribosome__MouseMeta","Brain",3.44388830203503e-10
"168","paleturquoise","132956_KEGG_Metabolic_pathways__Kegg_NCBI_Biosystems","PW_Lists",3.81999640565138e-10
"169","darkslateblue","Supraoptic Nucleus_localMarker(FC>2)_IN_Hypothalamus__HBA","HumanBrainRegions",3.86998715112691e-10
"170","antiquewhite4","6012_postsynaptic_proteomics_pad_1097__Palazzolo_and_Wang","PW_Lists",4.51134347948064e-10
"171","yellowgreen","105968_REACTOME_Formation_of_a_pool_of_free_40S_subunits__Reactome_NCBI_Biosystems","PW_Lists",4.57957488582494e-10
"172","paleturquoise","green_M5_Mitochondria__HumanMeta","Brain",5.42335486962401e-10
"173","honeydew1","DownWithAlzheimers_Liang__ADvsCT_inCA1","Brain",5.63702465625755e-10
"174","yellowgreen","salmon_M12_Ribosome__HumanMeta","Brain",6.92103831512687e-10
"175","mediumpurple2","turquoise_M14_Nucleus__MouseMeta","Brain",7.22254396655687e-10
"176","darkseagreen4","477133_REACTOME_Meiosis__Reactome_NCBI_Biosystems","PW_Lists",8.72105985280047e-10
"177","white","450_KEGG_PPAR_signaling_pathway__Kegg_NCBI_Biosystems","PW_Lists",1.05565435969879e-09
"178","white","83042_KEGG_PPAR_signaling_pathway__Kegg_NCBI_Biosystems","PW_Lists",1.05565435969879e-09
"179","paleturquoise","6209_mito_oxidative_phosph_pad_196__Palazzolo_and_Wang","PW_Lists",1.09624125009908e-09
"180","antiquewhite4","6011_postsynaptic_density_pad_1054__Palazzolo_and_Wang","PW_Lists",1.19930925004957e-09
"181","paleturquoise","160962_REACTOME_Respiratory_electron_transport__Reactome_NCBI_Biosystems","PW_Lists",1.95282317162729e-09
"182","ivory","119557_REACTOME_PD-1_signaling__Reactome_NCBI_Biosystems","PW_Lists",1.95291324618726e-09
"183","yellowgreen","160955_REACTOME_L13a-mediated_translational_silencing_of_Ceruloplasmin_expression__Reactome_NCBI_Biosystems","PW_Lists",2.04868366854565e-09
"184","greenyellow","187197_REACTOME_Kinesins__Reactome_NCBI_Biosystems","PW_Lists",2.17122936939738e-09
"185","yellowgreen","105973_REACTOME_GTP_hydrolysis_and_joining_of_the_60S_ribosomal_subunit__Reactome_NCBI_Biosystems","PW_Lists",2.35928034234054e-09
"186","greenyellow","Annotated_genes_bound_by_RNA_polymerase_II_(Table_S2)__Lee","StemCells",2.36434932681061e-09
"187","ivory","138055_Pathway_Interaction_Database_TCR_signaling_in_naive_CD8+_T_cells__Pathway_Interaction_Database_NCBI_Biosystems","PW_Lists",2.68750491290883e-09
"188","magenta","22578497_synaptic_transcriptome_2338__PMID_22578497_Cajigas_2012","PW_Lists",2.70303805593937e-09
"189","yellowgreen","105976_REACTOME_Eukaryotic_Translation_Elongation__Reactome_NCBI_Biosystems","PW_Lists",3.22423667556883e-09
"190","green","Annotated_genes_bound_by_RNA_polymerase_II_(Table_S2)__Lee","StemCells",3.44941167922407e-09
"191","white","Mitochondria_Foster__MO","Brain",3.62391708200867e-09
"192","darkseagreen4","161049_REACTOME_Nucleosome_assembly__Reactome_NCBI_Biosystems","PW_Lists",4.27392170974566e-09
"193","darkseagreen4","161050_REACTOME_Deposition_of_New_CENPA-containing_Nucleosomes_at_the_Centromere__Reactome_NCBI_Biosystems","PW_Lists",4.27392170974566e-09
"194","ivory","119552_REACTOME_Costimulation_by_the_CD28_family__Reactome_NCBI_Biosystems","PW_Lists",5.68137289003357e-09
"195","yellowgreen","105966_REACTOME_Eukaryotic_Translation_Initiation__Reactome_NCBI_Biosystems","PW_Lists",6.09457767223006e-09
"196","yellowgreen","105967_REACTOME_Cap-dependent_Translation_Initiation__Reactome_NCBI_Biosystems","PW_Lists",6.09457767223006e-09
"197","white","106136_REACTOME_Peroxisomal_lipid_metabolism__Reactome_NCBI_Biosystems","PW_Lists",7.02865968933363e-09
"198","white","198873_WikiPathways_Fatty_Acid_Biosynthesis__Wiki_Pathways_NCBI_Biosystems","PW_Lists",7.02865968933363e-09
"199","white","142421_BIOCYC_fatty_acid_beta-oxidation_I__Biocyc_NCBI_Biosystems","PW_Lists",8.50934706966371e-09
"200","skyblue1","frontal part, inferior bank of gyrus_localMarker(top200)_IN_Cingulate Gyrus__HBA","HumanBrainRegions",1.03508082860772e-08
"201","darkmagenta","tan_M12_Hypoxia__CTX","Brain",1.04345501325674e-08
"202","magenta","Down_CD40_stimulation_in_MG_AitGhezala__MicrogialMarkers","Brain",1.14475458937078e-08
"203","white","198865_WikiPathways_Fatty_Acid_Beta_Oxidation__Wiki_Pathways_NCBI_Biosystems","PW_Lists",1.2278106549793e-08
"204","ivory","ICOS__ImmunePathway","Immune",1.3560145701459e-08
"205","coral2","106261_REACTOME_Muscle_contraction__Reactome_NCBI_Biosystems","PW_Lists",1.7973691846396e-08
"206","magenta","Annotated_genes_bound_by_RNA_polymerase_II_(Table_S2)__Lee","StemCells",1.81553642543174e-08
"207","ivory","Supraoptic Nucleus_localMarker(FC>2)_IN_Hypothalamus__HBA","HumanBrainRegions",1.92999358929337e-08
"208","darkseagreen4","477134_REACTOME_Meiotic_Synapsis__Reactome_NCBI_Biosystems","PW_Lists",2.09027358743356e-08
"209","thistle1","upWithABeta_MGactivation_GSE772__MicrogialMarkers","Brain",2.22164573282941e-08
"210","honeydew1","PostSynapticDensity_proteins__Bayes","Brain",2.24539392665511e-08
"211","skyblue3","Annotated_genes_bound_by_RNA_polymerase_II_(Table_S2)__Lee","StemCells",3.67983260043726e-08
"212","purple","mutationMouseOrHumanOrBoth__JAXdiseaseGene","Brain",3.74676784640447e-08
"213","greenyellow","137934_Pathway_Interaction_Database_E2F_transcription_factor_network__Pathway_Interaction_Database_NCBI_Biosystems","PW_Lists",4.08659318612788e-08
"214","greenyellow","105802_REACTOME_Cyclin_AB1_associated_events_during_G2M_transition__Reactome_NCBI_Biosystems","PW_Lists",4.15337699056779e-08
"215","darkseagreen4","160948_REACTOME_RNA_Polymerase_I,_RNA_Polymerase_III,_and_Mitochondrial_Transcription__Reactome_NCBI_Biosystems","PW_Lists",4.75193921275296e-08
"216","ivory","491_KEGG_T_cell_receptor_signaling_pathway__Kegg_NCBI_Biosystems","PW_Lists",4.83637858680252e-08
"217","ivory","83080_KEGG_T_cell_receptor_signaling_pathway__Kegg_NCBI_Biosystems","PW_Lists",4.83637858680252e-08
"218","yellowgreen","105977_REACTOME_Peptide_chain_elongation__Reactome_NCBI_Biosystems","PW_Lists",4.98721238826174e-08
"219","tan","Oligodendrocyte_probable__Cahoy","Brain",5.00704933765917e-08
"220","green","Down_CD40_stimulation_in_MG_AitGhezala__MicrogialMarkers","Brain",6.26674072950292e-08
"221","floralwhite","187211_REACTOME_Regulation_of_mRNA_Stability_by_Proteins_that_Bind_AU-rich_Elements__Reactome_NCBI_Biosystems","PW_Lists",7.64160499468332e-08
"222","paleturquoise","509_KEGG_Alzheimer's_disease__Kegg_NCBI_Biosystems","PW_Lists",7.77745493446532e-08
"223","paleturquoise","83097_KEGG_Alzheimer's_disease__Kegg_NCBI_Biosystems","PW_Lists",7.77745493446532e-08
"224","magenta","blue_M16_Neuron__CTX","Brain",8.68991394150985e-08
"225","darkseagreen4","106540_REACTOME_Telomere_Maintenance__Reactome_NCBI_Biosystems","PW_Lists",1.08503833402724e-07
"226","coral2","161025_REACTOME_Smooth_Muscle_Contraction__Reactome_NCBI_Biosystems","PW_Lists",1.28389005041111e-07
"227","ivory","106413_REACTOME_Immunoregulatory_interactions_between_a_Lymphoid_and_a_non-Lymphoid_cell__Reactome_NCBI_Biosystems","PW_Lists",1.31104555977202e-07
"228","turquoise","overexpressed_in_multipotent_primary_hematopoietic_SCs_(CD133+)__Cui","StemCells",1.41844413872708e-07
"229","purple","overexpressed_in_multipotent_primary_hematopoietic_SCs_(CD133+)__Cui","StemCells",1.43459289435087e-07
"230","plum2","orange_M5_Microglia(Type2)__CTX","Brain",1.69260056877505e-07
"231","greenyellow","137935_Pathway_Interaction_Database_FOXM1_transcription_factor_network__Pathway_Interaction_Database_NCBI_Biosystems","PW_Lists",1.85345229014254e-07
"232","greenyellow","198805_WikiPathways_G1_to_S_cell_cycle_control__Wiki_Pathways_NCBI_Biosystems","PW_Lists",2.21185586199092e-07
"233","greenyellow","477139_REACTOME_G0_and_Early_G1__Reactome_NCBI_Biosystems","PW_Lists",2.41136127302976e-07
"234","greenyellow","105754_REACTOME_Activation_of_ATR_in_response_to_replication_stress__Reactome_NCBI_Biosystems","PW_Lists",2.54491628854259e-07
"235","paleturquoise","198860_WikiPathways_Electron_Transport_Chain__Wiki_Pathways_NCBI_Biosystems","PW_Lists",3.69301911329209e-07
"236","skyblue2","DownWithAlzheimers_Liang__ADvsCT_inCA1","Brain",3.80865297388247e-07
"237","magenta","yellow_M18__CTX","Brain",3.82096862742239e-07
"238","navajowhite2","overexpressed_in_multipotent_primary_hematopoietic_SCs_(CD133+)__Cui","StemCells",4.43590896892389e-07
"239","yellowgreen","106074_REACTOME_Influenza_Viral_RNA_Transcription_and_Replication__Reactome_NCBI_Biosystems","PW_Lists",4.67049813884171e-07
"240","white","138629_BIOCYC_superpathway_of_cholesterol_biosynthesis__Biocyc_NCBI_Biosystems","PW_Lists",4.67190096688055e-07
"241","honeydew1","6201_mito_db_pad_2664__Palazzolo_and_Wang","PW_Lists",5.37363595941153e-07
"242","greenyellow","105782_REACTOME_S_Phase__Reactome_NCBI_Biosystems","PW_Lists",5.41622544652739e-07
"243","palevioletred3","Synaptic__MitochondrialType","Brain",5.43610777432306e-07
"244","magenta","6012_postsynaptic_proteomics_pad_1097__Palazzolo_and_Wang","PW_Lists",5.66901590241115e-07
"245","green","brown_downAD_mitochondrion__Blalock_AD","Brain",6.20181170929944e-07
"246","paleturquoise","303_KEGG_Oxidative_phosphorylation__Kegg_NCBI_Biosystems","PW_Lists",6.26479121887502e-07
"247","paleturquoise","82942_KEGG_Oxidative_phosphorylation__Kegg_NCBI_Biosystems","PW_Lists",6.26479121887502e-07
"248","white","316_KEGG_Valine,_leucine_and_isoleucine_degradation__Kegg_NCBI_Biosystems","PW_Lists",6.26873301840213e-07
"249","white","82952_KEGG_Valine,_leucine_and_isoleucine_degradation__Kegg_NCBI_Biosystems","PW_Lists",6.26873301840213e-07
"250","paleturquoise","83098_KEGG_Parkinson's_disease__Kegg_NCBI_Biosystems","PW_Lists",7.24986153704359e-07
"251","darkslateblue","overexpressed_in_multipotent_primary_hematopoietic_SCs_(CD133+)__Cui","StemCells",7.26698770031365e-07
"252","yellowgreen","413404_KEGG_Ribosome,_eukaryotes__Kegg_NCBI_Biosystems","PW_Lists",7.47742072496108e-07
"253","white","295_KEGG_Fatty_acid_elongation__Kegg_NCBI_Biosystems","PW_Lists",7.81808563112158e-07
"254","white","82934_KEGG_Fatty_acid_elongation__Kegg_NCBI_Biosystems","PW_Lists",7.81808563112158e-07
"255","turquoise","Supraoptic Nucleus_localMarker(FC>2)_IN_Hypothalamus__HBA","HumanBrainRegions",8.16727208957785e-07
"256","yellowgreen","441_KEGG_Ribosome__Kegg_NCBI_Biosystems","PW_Lists",8.64657088144619e-07
"257","yellowgreen","83036_KEGG_Ribosome__Kegg_NCBI_Biosystems","PW_Lists",8.64657088144619e-07
"258","green","red_M11_Neuron__HumanMeta","Brain",9.3386393493803e-07
"259","magenta","brown_pyramidalNeurons_Layer5/basolateralAmygdala__Sugino/Winden","Brain",9.94852195987509e-07
"260","ivory","Supraoptic Nucleus_localMarker(top200)_IN_Hypothalamus__HBA","HumanBrainRegions",1.02137275286101e-06
"261","greenyellow","198771_WikiPathways_DNA_Replication__Wiki_Pathways_NCBI_Biosystems","PW_Lists",1.07641731253632e-06
"262","greenyellow","105784_REACTOME_Synthesis_of_DNA__Reactome_NCBI_Biosystems","PW_Lists",1.08735841893204e-06
"263","yellowgreen","530746_REACTOME_SRP-dependent_cotranslational_protein_targeting_to_membrane__Reactome_NCBI_Biosystems","PW_Lists",1.10226850692538e-06
"264","greenyellow","105777_REACTOME_Activation_of_the_pre-replicative_complex__Reactome_NCBI_Biosystems","PW_Lists",1.14332715674125e-06
"265","yellowgreen","105978_REACTOME_Eukaryotic_Translation_Termination__Reactome_NCBI_Biosystems","PW_Lists",1.1496367850859e-06
"266","yellowgreen","106077_REACTOME_Viral_mRNA_Translation__Reactome_NCBI_Biosystems","PW_Lists",1.1496367850859e-06
"267","yellowgreen","198853_WikiPathways_Cytoplasmic_Ribosomal_Proteins__Wiki_Pathways_NCBI_Biosystems","PW_Lists",1.1496367850859e-06
"268","coral2","96530_KEGG_Vascular_smooth_muscle_contraction__Kegg_NCBI_Biosystems","PW_Lists",1.26646804453318e-06
"269","coral2","96866_KEGG_Vascular_smooth_muscle_contraction__Kegg_NCBI_Biosystems","PW_Lists",1.26646804453318e-06
"270","white","142269_BIOCYC_superpathway_of_cholesterol_biosynthesis__Biocyc_NCBI_Biosystems","PW_Lists",1.27007110926402e-06
"271","lightsteelblue1","central glial substance_localMarker(FC>2)_IN_Myelencephalon__HBA","HumanBrainRegions",1.32272563231181e-06
"272","thistle1","105969_REACTOME_Formation_of_the_ternary_complex,_and_subsequently,_the_43S_complex__Reactome_NCBI_Biosystems","PW_Lists",1.3424107347118e-06
"273","floralwhite","187212_REACTOME_Destabilization_of_mRNA_by_AUF1_(hnRNP_D0)__Reactome_NCBI_Biosystems","PW_Lists",1.40410277937899e-06
"274","black","Polycomb_genes_(PGSTs)_repressed_by_SCs_(Table_S9)__Lee","StemCells",1.48208071271718e-06
"275","tan","turquoise_Cerebellum__HumanChimp","Brain",1.67291739479983e-06
"276","skyblue2","brown_downAD_mitochondrion__Blalock_AD","Brain",1.75141702134298e-06
"277","skyblue1","upInFrontalCortex__EarlyAD","Brain",1.97868500075009e-06
"278","yellowgreen","106067_REACTOME_Influenza_Infection__Reactome_NCBI_Biosystems","PW_Lists",1.9969153542848e-06
"279","palevioletred3","413408_KEGG_NADH_dehydrogenase_(ubiquinone)_1_alpha_subcomplex__Kegg_NCBI_Biosystems","PW_Lists",2.2281058099683e-06
"280","yellowgreen","366242_REACTOME_Nonsense_Mediated_Decay_Independent_of_the_Exon_Junction_Complex__Reactome_NCBI_Biosystems","PW_Lists",2.27179429696999e-06
"281","ivory","489_KEGG_Hematopoietic_cell_lineage__Kegg_NCBI_Biosystems","PW_Lists",2.31558972490727e-06
"282","ivory","83078_KEGG_Hematopoietic_cell_lineage__Kegg_NCBI_Biosystems","PW_Lists",2.31558972490727e-06
"283","coral2","198903_WikiPathways_Striated_Muscle_Contraction__Wiki_Pathways_NCBI_Biosystems","PW_Lists",2.32298253028425e-06
"284","floralwhite","445_KEGG_Proteasome__Kegg_NCBI_Biosystems","PW_Lists",2.64820597369537e-06
"285","floralwhite","83040_KEGG_Proteasome__Kegg_NCBI_Biosystems","PW_Lists",2.64820597369537e-06
"286","tan","Annotated_genes_bound_by_RNA_polymerase_II_(Table_S2)__Lee","StemCells",3.00541850501187e-06
"287","firebrick4","477135_REACTOME_Metabolism__Reactome_NCBI_Biosystems","PW_Lists",3.40941048339031e-06
"288","floralwhite","105937_REACTOME_Gene_Expression__Reactome_NCBI_Biosystems","PW_Lists",3.8944787927086e-06
"289","skyblue1","overexpressed_in_multipotent_primary_hematopoietic_SCs_(CD133+)__Cui","StemCells",4.13556598266826e-06
"290","turquoise","Polycomb_genes_(PGSTs)_repressed_by_SCs_(Table_S9)__Lee","StemCells",4.46651596997754e-06
"291","skyblue2","red_M11_Neuron__HumanMeta","Brain",4.50572760009731e-06
"292","mediumpurple2","RedBloodCell__Kabanova","Blood",4.65846518345265e-06
"293","greenyellow","377128_KEGG_Fanconi_anemia_pathway__Kegg_NCBI_Biosystems","PW_Lists",4.72810165892869e-06
"294","greenyellow","377262_KEGG_Fanconi_anemia_pathway__Kegg_NCBI_Biosystems","PW_Lists",4.72810165892869e-06
"295","skyblue1","RedBloodCell__Kabanova","Blood",4.82283413807018e-06
"296","skyblue2","Annotated_genes_bound_by_RNA_polymerase_II_(Table_S2)__Lee","StemCells",5.17277228777456e-06
"297","thistle1","105971_REACTOME_Translation_initiation_complex_formation__Reactome_NCBI_Biosystems","PW_Lists",5.23194039087324e-06
"298","thistle1","105972_REACTOME_Ribosomal_scanning_and_start_codon_recognition__Reactome_NCBI_Biosystems","PW_Lists",5.23194039087324e-06
"299","green","blue_M16_Neuron__CTX","Brain",5.77937698627397e-06
"300","floralwhite","477126_REACTOME_Cross-presentation_of_soluble_exogenous_antigens_(endosomes)__Reactome_NCBI_Biosystems","PW_Lists",5.82205916939039e-06
"301","thistle1","105970_REACTOME_Activation_of_the_mRNA_upon_binding_of_the_cap-binding_complex_and_eIFs,_and_subsequent_binding_to_43S__Reactome_NCBI_Biosystems","PW_Lists",6.25782261611158e-06
"302","blue","Developmental_transcription_factors_bound_by_Suz12_(Table_S11)__Lee","StemCells",6.59608449961479e-06
"303","ivory","480_KEGG_Cell_adhesion_molecules_(CAMs)__Kegg_NCBI_Biosystems","PW_Lists",6.81512728741012e-06
"304","ivory","83069_KEGG_Cell_adhesion_molecules_(CAMs)__Kegg_NCBI_Biosystems","PW_Lists",6.81512728741012e-06
"305","ivory","Cell adhesion molecules__ImmunePathway","Immune",6.81512728741012e-06
"306","tan","turquoise_M14_Nucleus__HumanMeta","Brain",6.91477924243359e-06
"307","black","Annotated_genes_bound_by_Suz12_(Table_S8)__Lee","StemCells",7.50369057239919e-06
"308","magenta","6011_postsynaptic_density_pad_1054__Palazzolo_and_Wang","PW_Lists",8.48473962261599e-06
"309","thistle1","530764_REACTOME_Disease__Reactome_NCBI_Biosystems","PW_Lists",9.06232868749934e-06
"310","white","429_KEGG_Biosynthesis_of_unsaturated_fatty_acids__Kegg_NCBI_Biosystems","PW_Lists",9.76346246787927e-06
"311","white","83034_KEGG_Biosynthesis_of_unsaturated_fatty_acids__Kegg_NCBI_Biosystems","PW_Lists",9.76346246787927e-06
"312","yellowgreen","106230_REACTOME_Metabolism_of_proteins__Reactome_NCBI_Biosystems","PW_Lists",9.82402884584174e-06
"313","thistle1","TimeOfBloodDraw_genesCorrelatedAcrossIndividuals__Whitney","Blood",1.00373639702626e-05
"314","white","296_KEGG_Fatty_acid_metabolism__Kegg_NCBI_Biosystems","PW_Lists",1.03396213322819e-05
"315","white","82935_KEGG_Fatty_acid_metabolism__Kegg_NCBI_Biosystems","PW_Lists",1.03396213322819e-05
"316","paleturquoise","477135_REACTOME_Metabolism__Reactome_NCBI_Biosystems","PW_Lists",1.0852771514878e-05
"317","skyblue1","upMGactivagtion_GSE1910__MicrogialMarkers","Brain",1.12008632393659e-05
"318","navajowhite2","Neuron_probable__Cahoy","Brain",1.12322050610732e-05
"319","floralwhite","105686_REACTOME_Regulation_of_activated_PAK-2p34_by_proteasome_mediated_degradation__Reactome_NCBI_Biosystems","PW_Lists",1.20309639742829e-05
"320","skyblue1","106386_REACTOME_Immune_System__Reactome_NCBI_Biosystems","PW_Lists",1.34780998619209e-05
"321","skyblue2","198860_WikiPathways_Electron_Transport_Chain__Wiki_Pathways_NCBI_Biosystems","PW_Lists",1.37432372908174e-05
"322","floralwhite","105788_REACTOME_CDK-mediated_phosphorylation_and_removal_of_Cdc6__Reactome_NCBI_Biosystems","PW_Lists",1.51384108789903e-05
"323","floralwhite","105796_REACTOME_Ubiquitin-dependent_degradation_of_Cyclin_D__Reactome_NCBI_Biosystems","PW_Lists",1.51384108789903e-05
"324","floralwhite","105797_REACTOME_Ubiquitin-dependent_degradation_of_Cyclin_D1__Reactome_NCBI_Biosystems","PW_Lists",1.51384108789903e-05
"325","floralwhite","106176_REACTOME_Regulation_of_ornithine_decarboxylase_(ODC)__Reactome_NCBI_Biosystems","PW_Lists",1.51384108789903e-05
"326","skyblue2","303_KEGG_Oxidative_phosphorylation__Kegg_NCBI_Biosystems","PW_Lists",1.52457604371462e-05
"327","skyblue2","82942_KEGG_Oxidative_phosphorylation__Kegg_NCBI_Biosystems","PW_Lists",1.52457604371462e-05
"328","paleturquoise","honeydew_M7_Mitochondria__CTX","Brain",1.55536266339685e-05
"329","white","106142_REACTOME_Cholesterol_biosynthesis__Reactome_NCBI_Biosystems","PW_Lists",1.60924520782927e-05
"330","darkorange","Annotated_genes_bound_by_RNA_polymerase_II_(Table_S2)__Lee","StemCells",1.67934262272533e-05
"331","tan","turquoise_M14_Nucleus__MouseMeta","Brain",1.70940925650494e-05
"332","white","Astrocyte_probable__Cahoy","Brain",1.87243292512008e-05
"333","floralwhite","106026_REACTOME_Vpu_mediated_degradation_of_CD4__Reactome_NCBI_Biosystems","PW_Lists",1.89418247357273e-05
"334","floralwhite","160939_REACTOME_Autodegradation_of_the_E3_ubiquitin_ligase_COP1__Reactome_NCBI_Biosystems","PW_Lists",1.89418247357273e-05
"335","turquoise","477114_REACTOME_Signal_Transduction__Reactome_NCBI_Biosystems","PW_Lists",1.9344043091464e-05
"336","floralwhite","106510_REACTOME_Signaling_by_Wnt__Reactome_NCBI_Biosystems","PW_Lists",1.93722362964689e-05
"337","floralwhite","106511_REACTOME_Degradation_of_beta-catenin_by_the_destruction_complex__Reactome_NCBI_Biosystems","PW_Lists",1.93722362964689e-05
"338","yellowgreen","366240_REACTOME_Nonsense-Mediated_Decay__Reactome_NCBI_Biosystems","PW_Lists",1.94449820247646e-05
"339","yellowgreen","366241_REACTOME_Nonsense_Mediated_Decay_Enhanced_by_the_Exon_Junction_Complex__Reactome_NCBI_Biosystems","PW_Lists",1.94449820247646e-05
"340","yellowgreen","106068_REACTOME_Influenza_Life_Cycle__Reactome_NCBI_Biosystems","PW_Lists",2.02112974264646e-05
"341","ivory","OX40__ImmunePathway","Immune",2.02707802582198e-05
"342","greenyellow","161048_REACTOME_Chromosome_Maintenance__Reactome_NCBI_Biosystems","PW_Lists",2.198177464359e-05
"343","purple","brown_M3_Astrocytes__HumanMeta","Brain",2.32377522005221e-05
"344","purple","Polycomb_genes_(PGSTs)_repressed_by_SCs_(Table_S9)__Lee","StemCells",2.33248758383502e-05
"345","floralwhite","green_M5_Mitochondria__MouseMeta","Brain",2.35440184493247e-05
"346","floralwhite","105744_REACTOME_Stabilization_of_p53__Reactome_NCBI_Biosystems","PW_Lists",2.35742197994339e-05
"347","floralwhite","105747_REACTOME_p53-Independent_G1S_DNA_damage_checkpoint__Reactome_NCBI_Biosystems","PW_Lists",2.35742197994339e-05
"348","floralwhite","105748_REACTOME_p53-Independent_DNA_Damage_Response__Reactome_NCBI_Biosystems","PW_Lists",2.35742197994339e-05
"349","floralwhite","105749_REACTOME_Ubiquitin_Mediated_Degradation_of_Phosphorylated_Cdc25A__Reactome_NCBI_Biosystems","PW_Lists",2.35742197994339e-05
"350","maroon","460_KEGG_Cytokine-cytokine_receptor_interaction__Kegg_NCBI_Biosystems","PW_Lists",2.41132763731832e-05
"351","maroon","83051_KEGG_Cytokine-cytokine_receptor_interaction__Kegg_NCBI_Biosystems","PW_Lists",2.41132763731832e-05
"352","honeydew1","167190_KEGG_Protein_processing_in_endoplasmic_reticulum__Kegg_NCBI_Biosystems","PW_Lists",2.71526201289113e-05
"353","honeydew1","167325_KEGG_Protein_processing_in_endoplasmic_reticulum__Kegg_NCBI_Biosystems","PW_Lists",2.71526201289113e-05
"354","purple","Annotated_genes_bound_by_Suz12_(Table_S8)__Lee","StemCells",2.73022682373633e-05
"355","greenyellow","161049_REACTOME_Nucleosome_assembly__Reactome_NCBI_Biosystems","PW_Lists",2.84821245684526e-05
"356","greenyellow","161050_REACTOME_Deposition_of_New_CENPA-containing_Nucleosomes_at_the_Centromere__Reactome_NCBI_Biosystems","PW_Lists",2.84821245684526e-05
"357","honeydew1","Cytoplasm_Foster__MO","Brain",3.29702169998209e-05
"358","mediumpurple2","yellow_noChangeAD_antigenProcessing_ribosome__Blalock_AD","Brain",3.53572736742057e-05
"359","floralwhite","105828_REACTOME_SCF-beta-TrCP_mediated_degradation_of_Emi1__Reactome_NCBI_Biosystems","PW_Lists",3.59668345345507e-05
"360","floralwhite","106017_REACTOME_Vif-mediated_degradation_of_APOBEC3G__Reactome_NCBI_Biosystems","PW_Lists",3.59668345345507e-05
"361","white","198809_WikiPathways_Cholesterol_Biosynthesis__Wiki_Pathways_NCBI_Biosystems","PW_Lists",3.70963755875931e-05
"362","palevioletred3","salmon_M12_Ribosome__MouseMeta","Brain",3.78931346551017e-05
"363","ivory","532_KEGG_Asthma__Kegg_NCBI_Biosystems","PW_Lists",4.20988376672421e-05
"364","ivory","83120_KEGG_Asthma__Kegg_NCBI_Biosystems","PW_Lists",4.20988376672421e-05
"365","thistle1","105937_REACTOME_Gene_Expression__Reactome_NCBI_Biosystems","PW_Lists",4.55677129203013e-05
"366","greenyellow","126872_KEGG_Oocyte_meiosis__Kegg_NCBI_Biosystems","PW_Lists",4.63757355349404e-05
"367","greenyellow","126909_KEGG_Oocyte_meiosis__Kegg_NCBI_Biosystems","PW_Lists",4.63757355349404e-05
"368","skyblue2","105921_REACTOME_Respiratory_electron_transport,_ATP_synthesis_by_chemiosmotic_coupling,_and_heat_production_by_uncoupling_proteins.__Reactome_NCBI_Biosystems","PW_Lists",4.65550308961207e-05
"369","greenyellow","105825_REACTOME_APCC-mediated_degradation_of_cell_cycle_proteins__Reactome_NCBI_Biosystems","PW_Lists",5.06309861516053e-05
"370","greenyellow","160944_REACTOME_Regulation_of_mitotic_cell_cycle__Reactome_NCBI_Biosystems","PW_Lists",5.06309861516053e-05
"371","skyblue1","106413_REACTOME_Immunoregulatory_interactions_between_a_Lymphoid_and_a_non-Lymphoid_cell__Reactome_NCBI_Biosystems","PW_Lists",6.08243368669435e-05
"372","skyblue2","160962_REACTOME_Respiratory_electron_transport__Reactome_NCBI_Biosystems","PW_Lists",6.50204193821398e-05
"373","floralwhite","105741_REACTOME_p53-Dependent_G1S_DNA_damage_checkpoint__Reactome_NCBI_Biosystems","PW_Lists",6.54724800700743e-05
"374","floralwhite","105743_REACTOME_p53-Dependent_G1_DNA_Damage_Response__Reactome_NCBI_Biosystems","PW_Lists",6.54724800700743e-05
"375","floralwhite","105771_REACTOME_SCF(Skp2)-mediated_degradation_of_p27p21__Reactome_NCBI_Biosystems","PW_Lists",6.54724800700743e-05
"376","ivory","106409_REACTOME_Classical_antibody-mediated_complement_activation__Reactome_NCBI_Biosystems","PW_Lists",6.91935377154287e-05
"377","honeydew1","161013_REACTOME_Asparagine_N-linked_glycosylation__Reactome_NCBI_Biosystems","PW_Lists",7.00117615371996e-05
"378","honeydew1","106230_REACTOME_Metabolism_of_proteins__Reactome_NCBI_Biosystems","PW_Lists",7.10384083965654e-05
"379","palevioletred3","413409_KEGG_NADH_dehydrogenase_(ubiquinone)_1_beta_subcomplex__Kegg_NCBI_Biosystems","PW_Lists",7.26692549505381e-05
"380","greenyellow","105790_REACTOME_Unwinding_of_DNA__Reactome_NCBI_Biosystems","PW_Lists",7.37099888056874e-05
"381","white","545313_BIOCYC_stearate_biosynthesis_I_(animals)__Biocyc_NCBI_Biosystems","PW_Lists",7.56050426699749e-05
"382","floralwhite","105685_REACTOME_Regulation_of_Apoptosis__Reactome_NCBI_Biosystems","PW_Lists",7.92672811616608e-05
"383","floralwhite","105824_REACTOME_CDT1_association_with_the_CDC6_ORC_origin_complex__Reactome_NCBI_Biosystems","PW_Lists",7.92672811616608e-05
"384","skyblue1","534_KEGG_Systemic_lupus_erythematosus__Kegg_NCBI_Biosystems","PW_Lists",7.97296177220018e-05
"385","skyblue1","83122_KEGG_Systemic_lupus_erythematosus__Kegg_NCBI_Biosystems","PW_Lists",7.97296177220018e-05
"386","ivory","137922_Pathway_Interaction_Database_IL12-mediated_signaling_events__Pathway_Interaction_Database_NCBI_Biosystems","PW_Lists",8.06777133121606e-05
"387","floralwhite","105740_REACTOME_G1S_DNA_Damage_Checkpoints__Reactome_NCBI_Biosystems","PW_Lists",0.000114834299882015
"388","magenta","PostSynapticDensity_proteins__Bayes","Brain",0.000118792964228617
"389","magenta","brown_downAD_mitochondrion__Blalock_AD","Brain",0.000119539101092025
"390","green","brown_pyramidalNeurons_Layer5/basolateralAmygdala__Sugino/Winden","Brain",0.000134797049348785
"391","magenta","106386_REACTOME_Immune_System__Reactome_NCBI_Biosystems","PW_Lists",0.000135976998713246
"392","floralwhite","198786_WikiPathways_Proteasome_Degradation__Wiki_Pathways_NCBI_Biosystems","PW_Lists",0.000137449720591143
"393","mediumpurple2","yellow_M18__CTX","Brain",0.000143626365603273
"394","skyblue2","6201_mito_db_pad_2664__Palazzolo_and_Wang","PW_Lists",0.000144385511882413
"395","greenyellow","160942_REACTOME_Mitotic_G2-G2M_phases__Reactome_NCBI_Biosystems","PW_Lists",0.000148894222170721
"396","ivory","106405_REACTOME_Complement_cascade__Reactome_NCBI_Biosystems","PW_Lists",0.00015013014845115
"397","floralwhite","105836_REACTOME_Autodegradation_of_Cdh1_by_Cdh1_APCC__Reactome_NCBI_Biosystems","PW_Lists",0.000163940189779042
"398","skyblue2","6209_mito_oxidative_phosph_pad_196__Palazzolo_and_Wang","PW_Lists",0.000174556375509881
"399","skyblue1","213743_KEGG_Tuberculosis__Kegg_NCBI_Biosystems","PW_Lists",0.000179651148710782
"400","skyblue1","213780_KEGG_Tuberculosis__Kegg_NCBI_Biosystems","PW_Lists",0.000179651148710782
"401","darkseagreen4","161048_REACTOME_Chromosome_Maintenance__Reactome_NCBI_Biosystems","PW_Lists",0.000185209773807793
"402","floralwhite","477124_REACTOME_ER-Phagosome_pathway__Reactome_NCBI_Biosystems","PW_Lists",0.000194873364330349
"403","magenta","198884_WikiPathways_TNF-alphaNF-kB_Signaling_Pathway__Wiki_Pathways_NCBI_Biosystems","PW_Lists",0.000196002618150383
"404","honeydew1","23_HD_Yang_cortex_569__Yang","PW_Lists",0.000201218151757137
"405","thistle1","salmon_M12_Ribosome__MouseMeta","Brain",0.00020137673011889
"406","tan","blue_M16_Neuron__CTX","Brain",0.000211678461198634
"407","royalblue","turquoise_M14_Nucleus__HumanMeta","Brain",0.000219483887674616
"408","magenta","6001_synapsedb_pad_3552__Palazzolo_and_Wang","PW_Lists",0.000224464858570979
"409","floralwhite","105833_REACTOME_APCC_Cdc20_mediated_degradation_of_Securin__Reactome_NCBI_Biosystems","PW_Lists",0.000230886270537125
"410","ivory","pink_M10_Microglia(Type1)__HumanMeta","Brain",0.000239892728780101
"411","magenta","DownWithAlzheimers_Blalock__ADvsCT_inCA1","Brain",0.000241356451506591
"412","paleturquoise","6213_mito_disease_pad_171__Palazzolo_and_Wang","PW_Lists",0.000242483130585605
"413","skyblue3","175229_KEGG_RNA_transport__Kegg_NCBI_Biosystems","PW_Lists",0.000247261939002164
"414","skyblue3","177876_KEGG_RNA_transport__Kegg_NCBI_Biosystems","PW_Lists",0.000247261939002164
"415","ivory","106407_REACTOME_Creation_of_C4_and_C2_activators__Reactome_NCBI_Biosystems","PW_Lists",0.000252935708869318
"416","plum","tan_M12_Hypoxia__CTX","Brain",0.000264923954766006
"417","magenta","106510_REACTOME_Signaling_by_Wnt__Reactome_NCBI_Biosystems","PW_Lists",0.000282857752598928
"418","magenta","106511_REACTOME_Degradation_of_beta-catenin_by_the_destruction_complex__Reactome_NCBI_Biosystems","PW_Lists",0.000282857752598928
"419","ivory","Antigent processing and presentation__ImmunePathway","Immune",0.000316183210185889
"420","floralwhite","105770_REACTOME_Cyclin_E_associated_events_during_G1S_transition__Reactome_NCBI_Biosystems","PW_Lists",0.000321087619677804
"421","brown","105938_REACTOME_Generic_Transcription_Pathway__Reactome_NCBI_Biosystems","PW_Lists",0.000327216941578905
"422","ivory","200269_KEGG_Rheumatoid_arthritis__Kegg_NCBI_Biosystems","PW_Lists",0.000358828811875817
"423","ivory","200309_KEGG_Rheumatoid_arthritis__Kegg_NCBI_Biosystems","PW_Lists",0.000358828811875817
"424","skyblue2","477137_REACTOME_The_citric_acid_(TCA)_cycle_and_respiratory_electron_transport__Reactome_NCBI_Biosystems","PW_Lists",0.000373032354014026
"425","floralwhite","105783_REACTOME_Cyclin_A_Cdk2-associated_events_at_S_phase_entry__Reactome_NCBI_Biosystems","PW_Lists",0.000376960838822499
"426","floralwhite","105821_REACTOME_Assembly_of_the_pre-replicative_complex__Reactome_NCBI_Biosystems","PW_Lists",0.000376960838822499
"427","ivory","485_KEGG_Antigen_processing_and_presentation__Kegg_NCBI_Biosystems","PW_Lists",0.000377733498854168
"428","ivory","83074_KEGG_Antigen_processing_and_presentation__Kegg_NCBI_Biosystems","PW_Lists",0.000377733498854168
"429","floralwhite","Annotated_genes_bound_by_RNA_polymerase_II_(Table_S2)__Lee","StemCells",0.000379696450404887
"430","magenta","105983_REACTOME_HIV_Infection__Reactome_NCBI_Biosystems","PW_Lists",0.000411003847870617
"431","white","6206_pad_mito_matrix_123__Palazzolo_and_Wang","PW_Lists",0.000413616796204406
"432","ivory","533_KEGG_Autoimmune_thyroid_disease__Kegg_NCBI_Biosystems","PW_Lists",0.000436133889330411
"433","ivory","83121_KEGG_Autoimmune_thyroid_disease__Kegg_NCBI_Biosystems","PW_Lists",0.000436133889330411
"434","floralwhite","green_M5_Mitochondria__HumanMeta","Brain",0.000441506838823494
"435","tan","brown_pyramidalNeurons_Layer5/basolateralAmygdala__Sugino/Winden","Brain",0.000459554720550821
"436","floralwhite","105786_REACTOME_Switching_of_origins_to_a_post-replicative_state__Reactome_NCBI_Biosystems","PW_Lists",0.000515200444574615
"437","floralwhite","105787_REACTOME_Orc1_removal_from_chromatin__Reactome_NCBI_Biosystems","PW_Lists",0.000515200444574615
"438","floralwhite","105831_REACTOME_APCC_Cdc20_mediated_degradation_of_mitotic_proteins__Reactome_NCBI_Biosystems","PW_Lists",0.000515200444574615
"439","floralwhite","105835_REACTOME_APCC_Cdh1_mediated_degradation_of_Cdc20_and_other_APCC_Cdh1_targeted_proteins_in_late_mitosisearly_G1__Reactome_NCBI_Biosystems","PW_Lists",0.000515200444574615
"440","skyblue1","144028_KEGG_Leishmaniasis__Kegg_NCBI_Biosystems","PW_Lists",0.000532218720851077
"441","skyblue1","144181_KEGG_Leishmaniasis__Kegg_NCBI_Biosystems","PW_Lists",0.000532218720851077
"442","tan","22578497_synaptic_transcriptome_2338__PMID_22578497_Cajigas_2012","PW_Lists",0.000532942762056812
"443","maroon","NF-kappaB pathway__ImmunePathway","Immune",0.000560890801513118
"444","floralwhite","105829_REACTOME_Activation_of_APCC_and_APCC_Cdc20_mediated_degradation_of_mitotic_proteins__Reactome_NCBI_Biosystems","PW_Lists",0.000599878276559416
"445","skyblue1","106590_KEGG_Fc_gamma_R-mediated_phagocytosis__Kegg_NCBI_Biosystems","PW_Lists",0.000606091621539653
"446","skyblue1","114228_KEGG_Fc_gamma_R-mediated_phagocytosis__Kegg_NCBI_Biosystems","PW_Lists",0.000606091621539653
"447","blue","Annotated_genes_bound_by_Suz12_(Table_S8)__Lee","StemCells",0.000626849398914609
"448","greenyellow","119304_KEGG_Progesterone-mediated_oocyte_maturation__Kegg_NCBI_Biosystems","PW_Lists",0.0006837682511797
"449","greenyellow","503_KEGG_Progesterone-mediated_oocyte_maturation__Kegg_NCBI_Biosystems","PW_Lists",0.0006837682511797
"450","floralwhite","105901_REACTOME_Removal_of_licensing_factors_from_origins__Reactome_NCBI_Biosystems","PW_Lists",0.000696676530646662
"451","floralwhite","477122_REACTOME_Antigen_processing-Cross_presentation__Reactome_NCBI_Biosystems","PW_Lists",0.000696676530646662
"452","purple","Astrocyte_probable__Cahoy","Brain",0.000709680890225593
"453","honeydew1","Annotated_genes_bound_by_RNA_polymerase_II_(Table_S2)__Lee","StemCells",0.000727098491917037
"454","mediumpurple2","DownWithAlzheimers_Liang__ADvsCT_inCA1","Brain",0.000765956319935056
"455","magenta","366160_REACTOME_Adaptive_Immune_System__Reactome_NCBI_Biosystems","PW_Lists",0.000870144192882504
"456","greenyellow","105820_REACTOME_MG1_Transition__Reactome_NCBI_Biosystems","PW_Lists",0.000886431211248213
"457","greenyellow","105898_REACTOME_DNA_Replication_Pre-Initiation__Reactome_NCBI_Biosystems","PW_Lists",0.000886431211248213
"458","darkturquoise","198847_WikiPathways_Wnt_Signaling_Pathway_and_Pluripotency__Wiki_Pathways_NCBI_Biosystems","PW_Lists",0.000895510046713877
"459","honeydew1","161012_REACTOME_Post-translational_protein_modification__Reactome_NCBI_Biosystems","PW_Lists",0.000899043870024101
"460","thistle1","Recycling_endosome_TGN_Foster__MO","Brain",0.000910424357040863
"461","ivory","138018_Pathway_Interaction_Database_Downstream_signaling_in_naive_CD8+_T_cells__Pathway_Interaction_Database_NCBI_Biosystems","PW_Lists",0.000973389459732321
"462","coral2","Superior Olivary Complex_localMarker(top200)_IN_Pontine Tegmentum__HBA","HumanBrainRegions",0.000985398586420508
"463","lightyellow","Annotated_genes_bound_by_RNA_polymerase_II_(Table_S2)__Lee","StemCells",0.00101307500900194
"464","paleturquoise","Mitochondria_Foster__MO","Brain",0.00102554278831299
"465","floralwhite","105784_REACTOME_Synthesis_of_DNA__Reactome_NCBI_Biosystems","PW_Lists",0.00107303740916689
"466","floralwhite","105899_REACTOME_Regulation_of_DNA_replication__Reactome_NCBI_Biosystems","PW_Lists",0.00107538989379408
"467","green","DownWithAlzheimers_Blalock__ADvsCT_inCA1","Brain",0.00107926661488401
"468","plum","upActivationMicroglia_3treatments_Thomas__MicrogialMarkers","Brain",0.00115790271428878
"469","white","106114_REACTOME_Triglyceride_Biosynthesis__Reactome_NCBI_Biosystems","PW_Lists",0.0011759083764483
"470","green","105937_REACTOME_Gene_Expression__Reactome_NCBI_Biosystems","PW_Lists",0.00120387734349073
"471","honeydew1","413373_KEGG_Oligosaccharyltransferase__Kegg_NCBI_Biosystems","PW_Lists",0.0012406117046258
"472","mediumpurple2","167190_KEGG_Protein_processing_in_endoplasmic_reticulum__Kegg_NCBI_Biosystems","PW_Lists",0.0013822324890135
"473","mediumpurple2","167325_KEGG_Protein_processing_in_endoplasmic_reticulum__Kegg_NCBI_Biosystems","PW_Lists",0.0013822324890135
"474","floralwhite","105826_REACTOME_Regulation_of_APCC_activators_between_G1S_and_early_anaphase__Reactome_NCBI_Biosystems","PW_Lists",0.00141992315131891
"475","white","545309_BIOCYC_gamma-linolenate_biosynthesis_II_(animals)__Biocyc_NCBI_Biosystems","PW_Lists",0.00151649607369249
"476","greenyellow","105801_REACTOME_G2M_Transition__Reactome_NCBI_Biosystems","PW_Lists",0.0016432984723812
"477","white","391_KEGG_Butanoate_metabolism__Kegg_NCBI_Biosystems","PW_Lists",0.00168828099865137
"478","white","83007_KEGG_Butanoate_metabolism__Kegg_NCBI_Biosystems","PW_Lists",0.00168828099865137
"479","greenyellow","413422_KEGG_GINS_complex__Kegg_NCBI_Biosystems","PW_Lists",0.00185850288412165
"480","skyblue1","Neutrophils_genesCorrelatedAcrossIndividuals__Whitney","Blood",0.00205307258764075
"481","palevioletred3","6401_hughes_mass_spec_pad_145__PMID_17500595_Kaltenbach_2007","PW_Lists",0.00218945962319209
"482","skyblue2","83098_KEGG_Parkinson's_disease__Kegg_NCBI_Biosystems","PW_Lists",0.00239331484080004
"483","floralwhite","124832_KEGG_Spliceosome__Kegg_NCBI_Biosystems","PW_Lists",0.00244136355992366
"484","floralwhite","125136_KEGG_Spliceosome__Kegg_NCBI_Biosystems","PW_Lists",0.00244136355992366
"485","white","408_KEGG_Terpenoid_backbone_biosynthesis__Kegg_NCBI_Biosystems","PW_Lists",0.00256065842943878
"486","white","83022_KEGG_Terpenoid_backbone_biosynthesis__Kegg_NCBI_Biosystems","PW_Lists",0.00256065842943878
"487","ivory","106406_REACTOME_Initial_triggering_of_complement__Reactome_NCBI_Biosystems","PW_Lists",0.00262933118006219
"488","paleturquoise","413415_KEGG_RNA_polymerase_II,_eukaryotes__Kegg_NCBI_Biosystems","PW_Lists",0.0026987130068986
"489","floralwhite","105820_REACTOME_MG1_Transition__Reactome_NCBI_Biosystems","PW_Lists",0.00274269924752806
"490","floralwhite","105825_REACTOME_APCC-mediated_degradation_of_cell_cycle_proteins__Reactome_NCBI_Biosystems","PW_Lists",0.00274269924752806
"491","floralwhite","105898_REACTOME_DNA_Replication_Pre-Initiation__Reactome_NCBI_Biosystems","PW_Lists",0.00274269924752806
"492","floralwhite","160944_REACTOME_Regulation_of_mitotic_cell_cycle__Reactome_NCBI_Biosystems","PW_Lists",0.00274269924752806
"493","mediumpurple2","turquoise_upAging_oligo__Lu_Aging","Brain",0.00281742377866676
"494","magenta","23_HD_Yang_cortex_569__Yang","PW_Lists",0.00291584144619321
"495","maroon","413340_KEGG_Glycolysis_(Embden-Meyerhof_pathway),_glucose__pyruvate__Kegg_NCBI_Biosystems","PW_Lists",0.00303638118154518
"496","maroon","468194_KEGG_Glycolysis_(Embden-Meyerhof_pathway),_glucose__pyruvate__Kegg_NCBI_Biosystems","PW_Lists",0.00303638118154518
"497","skyblue2","cyan_M4_Mitochondria__MouseMeta","Brain",0.00332834785092182
"498","plum2","152657_KEGG_Malaria__Kegg_NCBI_Biosystems","PW_Lists",0.00333491609147317
"499","plum2","152665_KEGG_Malaria__Kegg_NCBI_Biosystems","PW_Lists",0.00333491609147317
"500","skyblue3","169351_Pathway_Interaction_Database_Validated_targets_of_C-MYC_transcriptional_activation__Pathway_Interaction_Database_NCBI_Biosystems","PW_Lists",0.00335141950601011
"501","greenyellow","105789_REACTOME_DNA_strand_elongation__Reactome_NCBI_Biosystems","PW_Lists",0.00336599765213862
"502","skyblue2","6213_mito_disease_pad_171__Palazzolo_and_Wang","PW_Lists",0.00357614300749964
"503","coral1","upMGactivagtion_GSE1910__MicrogialMarkers","Brain",0.00368103484287999
"504","cyan","Substantia Nigra, pars compacta_localMarker(top200)_IN_Mesencephalon__HBA","HumanBrainRegions",0.00381239775819226
"505","palevioletred3","93344_KEGG_Cardiac_muscle_contraction__Kegg_NCBI_Biosystems","PW_Lists",0.00419626150539405
"506","palevioletred3","93992_KEGG_Cardiac_muscle_contraction__Kegg_NCBI_Biosystems","PW_Lists",0.00419626150539405
"507","greenyellow","105781_REACTOME_E2F-enabled_inhibition_of_pre-replication_complex_formation__Reactome_NCBI_Biosystems","PW_Lists",0.00426785272604389
"508","darkslateblue","Supraoptic Nucleus_localMarker(top200)_IN_Hypothalamus__HBA","HumanBrainRegions",0.00438375817322648
"509","firebrick4","198859_WikiPathways_Triacylglyceride_Synthesis__Wiki_Pathways_NCBI_Biosystems","PW_Lists",0.004514867910449
"510","ivory","198909_WikiPathways_B_Cell_Receptor_Signaling_Pathway__Wiki_Pathways_NCBI_Biosystems","PW_Lists",0.00465118492947193
"511","darkslateblue","principal sensory nucleus of trigeminal nerve_localMarker(top200)_IN_Pontine Tegmentum__HBA","HumanBrainRegions",0.00472505033465549
"512","floralwhite","105769_REACTOME_G1S_Transition__Reactome_NCBI_Biosystems","PW_Lists",0.00485820945183269
"513","ivory","128670_KEGG_Intestinal_immune_network_for_IgA_production__Kegg_NCBI_Biosystems","PW_Lists",0.00500515070022225
"514","ivory","128760_KEGG_Intestinal_immune_network_for_IgA_production__Kegg_NCBI_Biosystems","PW_Lists",0.00500515070022225
"515","skyblue2","DownWithAlzheimers_Blalock__ADvsCT_inCA1","Brain",0.00555057081058813
"516","floralwhite","105897_REACTOME_DNA_Replication__Reactome_NCBI_Biosystems","PW_Lists",0.00560162138503194
"517","floralwhite","413447_KEGG_Proteasome,_19S_regulatory_particle_(PA700)__Kegg_NCBI_Biosystems","PW_Lists",0.00565396512355164
"518","white","138576_BIOCYC_oleate_biosynthesis_II_(animals)__Biocyc_NCBI_Biosystems","PW_Lists",0.00582784774780198
"519","floralwhite","105782_REACTOME_S_Phase__Reactome_NCBI_Biosystems","PW_Lists",0.00591546376754413
"520","greenyellow","105899_REACTOME_Regulation_of_DNA_replication__Reactome_NCBI_Biosystems","PW_Lists",0.00599287047543591
"521","ivory","137910_Pathway_Interaction_Database_CXCR4-mediated_signaling_events__Pathway_Interaction_Database_NCBI_Biosystems","PW_Lists",0.00620434827290136
"522","coral1","488_KEGG_Jak-STAT_signaling_pathway__Kegg_NCBI_Biosystems","PW_Lists",0.00667450710723553
"523","coral1","83077_KEGG_Jak-STAT_signaling_pathway__Kegg_NCBI_Biosystems","PW_Lists",0.00667450710723553
"524","coral1","General Jak/STAT__ImmunePathway","Immune",0.00667450710723553
"525","white","198817_WikiPathways_Mitochondrial_LC-Fatty_Acid_Beta-Oxidation__Wiki_Pathways_NCBI_Biosystems","PW_Lists",0.00668246142788663
"526","honeydew1","6011_postsynaptic_density_pad_1054__Palazzolo_and_Wang","PW_Lists",0.00673308382483584
"527","plum2","106357_REACTOME_Class_A1_(Rhodopsin-like_receptors)__Reactome_NCBI_Biosystems","PW_Lists",0.00690940110298259
"528","lightpink4","Annotated_genes_bound_by_Suz12_(Table_S8)__Lee","StemCells",0.00698068160503704
"529","honeydew1","106246_REACTOME_Folding_of_actin_by_CCTTriC__Reactome_NCBI_Biosystems","PW_Lists",0.00729438504039513
"530","ivory","Bcell__Blood(composite)","Blood",0.00730487014106172
"531","skyblue2","105937_REACTOME_Gene_Expression__Reactome_NCBI_Biosystems","PW_Lists",0.00734820501084824
"532","palevioletred3","6005_presynaptic_forebrain_pad_95__Palazzolo_and_Wang","PW_Lists",0.00794504660606598
"533","royalblue","105938_REACTOME_Generic_Transcription_Pathway__Reactome_NCBI_Biosystems","PW_Lists",0.00877078264761308
"534","skyblue2","509_KEGG_Alzheimer's_disease__Kegg_NCBI_Biosystems","PW_Lists",0.00905021662002969
"535","skyblue2","83097_KEGG_Alzheimer's_disease__Kegg_NCBI_Biosystems","PW_Lists",0.00905021662002969
"536","greenyellow","105752_REACTOME_Chk1Chk2(Cds1)_mediated_inactivation_of_Cyclin_B_Cdk1_complex__Reactome_NCBI_Biosystems","PW_Lists",0.00922204630338199
"537","greenyellow","105804_REACTOME_Cyclin_B2_mediated_events__Reactome_NCBI_Biosystems","PW_Lists",0.00922204630338199
"538","skyblue1","490_KEGG_Natural_killer_cell_mediated_cytotoxicity__Kegg_NCBI_Biosystems","PW_Lists",0.00931011500720613
"539","skyblue1","83079_KEGG_Natural_killer_cell_mediated_cytotoxicity__Kegg_NCBI_Biosystems","PW_Lists",0.00931011500720613
"540","skyblue1","Natural killer cell mediated cytotoxicity__ImmunePathway","Immune",0.00931011500720613
"541","skyblue1","366160_REACTOME_Adaptive_Immune_System__Reactome_NCBI_Biosystems","PW_Lists",0.00964738223836941
"542","ivory","535_KEGG_Allograft_rejection__Kegg_NCBI_Biosystems","PW_Lists",0.0102362486037969
"543","ivory","83123_KEGG_Allograft_rejection__Kegg_NCBI_Biosystems","PW_Lists",0.0102362486037969
"544","mediumpurple2","red_M11_Neuron__HumanMeta","Brain",0.0103736141006981
"545","darkturquoise","Annotated_genes_bound_by_Suz12_(Table_S8)__Lee","StemCells",0.0107474600581287
"546","floralwhite","160943_REACTOME_Mitotic_M-MG1_phases__Reactome_NCBI_Biosystems","PW_Lists",0.010917424722414
"547","coral1","upInFrontalCortex__EarlyAD","Brain",0.0113693396889137
"548","maroon","198814_WikiPathways_Glycolysis_and_Gluconeogenesis__Wiki_Pathways_NCBI_Biosystems","PW_Lists",0.0116431323702563
"549","floralwhite","honeydew_M7_Mitochondria__CTX","Brain",0.0116536378196127
"550","palevioletred3","413348_KEGG_Citrate_cycle,_second_carbon_oxidation,_2-oxoglutarate__oxaloacetate__Kegg_NCBI_Biosystems","PW_Lists",0.0119358932538149
"551","palevioletred3","468204_KEGG_Citrate_cycle,_second_carbon_oxidation,_2-oxoglutarate__oxaloacetate__Kegg_NCBI_Biosystems","PW_Lists",0.0119358932538149
"552","ivory","106062_REACTOME_Cell_surface_interactions_at_the_vascular_wall__Reactome_NCBI_Biosystems","PW_Lists",0.0126532922815851
"553","lightpink4","Polycomb_genes_(PGSTs)_repressed_by_SCs_(Table_S9)__Lee","StemCells",0.0126567348859324
"554","skyblue1","489_KEGG_Hematopoietic_cell_lineage__Kegg_NCBI_Biosystems","PW_Lists",0.0127212403278575
"555","skyblue1","83078_KEGG_Hematopoietic_cell_lineage__Kegg_NCBI_Biosystems","PW_Lists",0.0127212403278575
"556","ivory","536_KEGG_Graft-versus-host_disease__Kegg_NCBI_Biosystems","PW_Lists",0.0137391223875377
"557","ivory","83124_KEGG_Graft-versus-host_disease__Kegg_NCBI_Biosystems","PW_Lists",0.0137391223875377
"558","turquoise","magenta_M8_Microglia(Type2)__HumanMeta","Brain",0.0141875535991731
"559","skyblue1","218099_KEGG_Pertussis__Kegg_NCBI_Biosystems","PW_Lists",0.0143012986843212
"560","skyblue1","218111_KEGG_Pertussis__Kegg_NCBI_Biosystems","PW_Lists",0.0143012986843212
"561","greenyellow","187196_REACTOME_Factors_involved_in_megakaryocyte_development_and_platelet_production__Reactome_NCBI_Biosystems","PW_Lists",0.0147945801250419
"562","darkslateblue","171868_KEGG_Protein_digestion_and_absorption__Kegg_NCBI_Biosystems","PW_Lists",0.0148772250851483
"563","darkslateblue","172847_KEGG_Protein_digestion_and_absorption__Kegg_NCBI_Biosystems","PW_Lists",0.0148772250851483
"564","coral2","parahippocampal gyrus, bank of the cos_localMarker(FC>2)_IN_Parahippocampal Gyrus__HBA","HumanBrainRegions",0.0149992772336272
"565","ivory","frontal part, inferior bank of gyrus_localMarker(top200)_IN_Cingulate Gyrus__HBA","HumanBrainRegions",0.016091472061468
"566","darkslateblue","Annotated_genes_bound_by_Suz12_(Table_S8)__Lee","StemCells",0.0164901859392706
"567","ivory","125138_KEGG_Viral_myocarditis__Kegg_NCBI_Biosystems","PW_Lists",0.0169945196896882
"568","honeydew1","6012_postsynaptic_proteomics_pad_1097__Palazzolo_and_Wang","PW_Lists",0.0180317135870204
"569","plum2","106358_REACTOME_Peptide_ligand-binding_receptors__Reactome_NCBI_Biosystems","PW_Lists",0.0182477300901083
"570","plum2","477114_REACTOME_Signal_Transduction__Reactome_NCBI_Biosystems","PW_Lists",0.0183147168164284
"571","honeydew1","345_KEGG_N-Glycan_biosynthesis__Kegg_NCBI_Biosystems","PW_Lists",0.0183624846241664
"572","honeydew1","82975_KEGG_N-Glycan_biosynthesis__Kegg_NCBI_Biosystems","PW_Lists",0.0183624846241664
"573","ivory","Lateral group of Nuclei, Dorsal Division_localMarker(top200)_IN_Dorthal Thalamus__HBA","HumanBrainRegions",0.0188796985146612
"574","firebrick4","450_KEGG_PPAR_signaling_pathway__Kegg_NCBI_Biosystems","PW_Lists",0.0191918433372429
"575","firebrick4","83042_KEGG_PPAR_signaling_pathway__Kegg_NCBI_Biosystems","PW_Lists",0.0191918433372429
"576","antiquewhite4","PostSynapticDensity_proteins__Bayes","Brain",0.0204686150956817
"577","turquoise","6002_synapsedb_internet_2488__Palazzolo_and_Wang","PW_Lists",0.0213169165208926
"578","skyblue3","blue_M16_Neuron__CTX","Brain",0.02276010300312
"579","navajowhite2","Substantia Nigra, pars compacta_localMarker(top200)_IN_Mesencephalon__HBA","HumanBrainRegions",0.0238705694889467
"580","paleturquoise","105983_REACTOME_HIV_Infection__Reactome_NCBI_Biosystems","PW_Lists",0.0240870786421121
"581","mediumpurple2","Oligodendrocyte_probable__Cahoy","Brain",0.024782766659525
"582","floralwhite","106010_REACTOME_Host_Interactions_of_HIV_factors__Reactome_NCBI_Biosystems","PW_Lists",0.0249094424542717
"583","palevioletred3","288_KEGG_Citrate_cycle_(TCA_cycle)__Kegg_NCBI_Biosystems","PW_Lists",0.0264276826479456
"584","palevioletred3","82927_KEGG_Citrate_cycle_(TCA_cycle)__Kegg_NCBI_Biosystems","PW_Lists",0.0264276826479456
"585","turquoise","106502_REACTOME_Signaling_by_Rho_GTPases__Reactome_NCBI_Biosystems","PW_Lists",0.0272581936177006
"586","turquoise","106503_REACTOME_Rho_GTPase_cycle__Reactome_NCBI_Biosystems","PW_Lists",0.0272581936177006
"587","greenyellow","105827_REACTOME_Phosphorylation_of_Emi1__Reactome_NCBI_Biosystems","PW_Lists",0.0274563957043629
"588","white","138581_BIOCYC_stearate_biosynthesis_I_(animals)__Biocyc_NCBI_Biosystems","PW_Lists",0.0288442173535008
"589","skyblue3","DownWithAlzheimers_Liang__ADvsCT_inCA1","Brain",0.0288769144124454
"590","ivory","IL-13__ImmunePathway","Immune",0.029389322914757
"591","darkturquoise","525_KEGG_Basal_cell_carcinoma__Kegg_NCBI_Biosystems","PW_Lists",0.0296304614013841
"592","darkturquoise","83113_KEGG_Basal_cell_carcinoma__Kegg_NCBI_Biosystems","PW_Lists",0.0296304614013841
"593","ivory","507_KEGG_Type_I_diabetes_mellitus__Kegg_NCBI_Biosystems","PW_Lists",0.0305948208916828
"594","ivory","83095_KEGG_Type_I_diabetes_mellitus__Kegg_NCBI_Biosystems","PW_Lists",0.0305948208916828
"595","skyblue1","96864_KEGG_Chemokine_signaling_pathway__Kegg_NCBI_Biosystems","PW_Lists",0.0313212447723602
"596","skyblue1","99051_KEGG_Chemokine_signaling_pathway__Kegg_NCBI_Biosystems","PW_Lists",0.0313212447723602
"597","skyblue1","General chemokine pathways__ImmunePathway","Immune",0.0313212447723602
"598","ivory","213743_KEGG_Tuberculosis__Kegg_NCBI_Biosystems","PW_Lists",0.0314608121991305
"599","ivory","213780_KEGG_Tuberculosis__Kegg_NCBI_Biosystems","PW_Lists",0.0314608121991305
"600","plum2","upActivationMicroglia_3treatments_Thomas__MicrogialMarkers","Brain",0.0315604195358549
"601","black","106572_REACTOME_Transmembrane_transport_of_small_molecules__Reactome_NCBI_Biosystems","PW_Lists",0.0318426004158472
"602","white","138389_BIOCYC_superpathway_of_geranylgeranyldiphosphate_biosynthesis_I_(via_mevalonate)__Biocyc_NCBI_Biosystems","PW_Lists",0.0319841938936519
"603","turquoise","Annotated_genes_bound_by_Suz12_(Table_S8)__Lee","StemCells",0.0323217767126109
"604","ivory","187106_REACTOME_Interferon_gamma_signaling__Reactome_NCBI_Biosystems","PW_Lists",0.0329637520736117
"605","floralwhite","purple_pyramidalNeurons_Layers5&6/basolateralAmygdala__Sugino/Winden","Brain",0.0338089206266458
"606","tan","yellow_M18__CTX","Brain",0.0344975831364509
"607","tan","blue_M2_Oligodendrocytes__HumanMeta","Brain",0.0345087446654881
"608","yellowgreen","105969_REACTOME_Formation_of_the_ternary_complex,_and_subsequently,_the_43S_complex__Reactome_NCBI_Biosystems","PW_Lists",0.0365525116272882
"609","turquoise","vestibular nuclei_localMarker(top200)_IN_Myelencephalon__HBA","HumanBrainRegions",0.0380982157290601
"610","honeydew1","132956_KEGG_Metabolic_pathways__Kegg_NCBI_Biosystems","PW_Lists",0.0385336741461064
"611","floralwhite","105981_REACTOME_Cytosolic_tRNA_aminoacylation__Reactome_NCBI_Biosystems","PW_Lists",0.0388155399939622
"612","magenta","106010_REACTOME_Host_Interactions_of_HIV_factors__Reactome_NCBI_Biosystems","PW_Lists",0.039092049303869
"613","skyblue1","484_KEGG_Complement_and_coagulation_cascades__Kegg_NCBI_Biosystems","PW_Lists",0.0391843775686491
"614","skyblue1","83073_KEGG_Complement_and_coagulation_cascades__Kegg_NCBI_Biosystems","PW_Lists",0.0391843775686491
"615","yellowgreen","105937_REACTOME_Gene_Expression__Reactome_NCBI_Biosystems","PW_Lists",0.0401201717420007
"616","maroon","106357_REACTOME_Class_A1_(Rhodopsin-like_receptors)__Reactome_NCBI_Biosystems","PW_Lists",0.0406383918877485
"617","mediumpurple2","Annotated_genes_bound_by_RNA_polymerase_II_(Table_S2)__Lee","StemCells",0.0408622003369443
"618","palevioletred3","198787_WikiPathways_TCA_Cycle__Wiki_Pathways_NCBI_Biosystems","PW_Lists",0.0410617756837203
"619","plum2","460_KEGG_Cytokine-cytokine_receptor_interaction__Kegg_NCBI_Biosystems","PW_Lists",0.0413459654383475
"620","plum2","83051_KEGG_Cytokine-cytokine_receptor_interaction__Kegg_NCBI_Biosystems","PW_Lists",0.0413459654383475
"621","greenyellow","454_KEGG_Homologous_recombination__Kegg_NCBI_Biosystems","PW_Lists",0.0415136554260343
"622","greenyellow","83046_KEGG_Homologous_recombination__Kegg_NCBI_Biosystems","PW_Lists",0.0415136554260343
"623","coral2","121285_KEGG_Dilated_cardiomyopathy__Kegg_NCBI_Biosystems","PW_Lists",0.0421240945801715
"624","coral2","121494_KEGG_Dilated_cardiomyopathy__Kegg_NCBI_Biosystems","PW_Lists",0.0421240945801715
"625","palevioletred3","PostSynapticDensity_proteins__Bayes","Brain",0.043264818122302
"626","skyblue1","Short Insular Gyri_localMarker(top200)_IN_Insula__HBA","HumanBrainRegions",0.0438240211206617
"627","firebrick4","160976_REACTOME_Metabolism_of_lipids_and_lipoproteins__Reactome_NCBI_Biosystems","PW_Lists",0.0447622248875573
"628","antiquewhite4","Recycling_endosome_TGN_Foster__MO","Brain",0.0447668928957836
"629","magenta","530764_REACTOME_Disease__Reactome_NCBI_Biosystems","PW_Lists",0.0461476993732672
"630","white","373_KEGG_Pyruvate_metabolism__Kegg_NCBI_Biosystems","PW_Lists",0.0466846909438222
"631","white","82998_KEGG_Pyruvate_metabolism__Kegg_NCBI_Biosystems","PW_Lists",0.0466846909438222
"632","floralwhite","160941_REACTOME_Mitotic_G1-G1S_phases__Reactome_NCBI_Biosystems","PW_Lists",0.0472507217678523
"633","ivory","171867_KEGG_Staphylococcus_aureus_infection__Kegg_NCBI_Biosystems","PW_Lists",0.0482509332335993
"634","ivory","172846_KEGG_Staphylococcus_aureus_infection__Kegg_NCBI_Biosystems","PW_Lists",0.0482509332335993
"635","floralwhite","105951_REACTOME_mRNA_Splicing__Reactome_NCBI_Biosystems","PW_Lists",0.0487053793693396
"636","floralwhite","105952_REACTOME_mRNA_Splicing_-_Major_Pathway__Reactome_NCBI_Biosystems","PW_Lists",0.0487053793693396
